{
  "model": "gru",
  "params_total": 5755428,
  "params_trainable": 5755428,
  "src_vocab_size": 6213,
  "trg_vocab_size": 2340,
  "best_dev_loss": 0.6938556861132383,
  "best_epoch": 15,
  "best_metric_value": 0.8085589519650656,
  "best_dev_slot_f1": 0.8085589519650656,
  "selection_metric": "slot_f1",
  "early_stopping_patience": 4,
  "min_epochs": 5,
  "test_exact_match": 0.15973796926177877,
  "test_slot_f1": 0.795197722319505,
  "bleu1": 0.7951850235989371,
  "bleu2": 0.7236113201122213,
  "bleu3": 0.6595514543877381,
  "bleu4": 0.6141684049452756,
  "rouge1_f1": 0.7967978237745615,
  "rouge2_f1": 0.6489296990455091,
  "rougeL_f1": 0.7967662989094473,
  "train_time_sec": 156.53584509999928,
  "inference_ms_per_sample": 0.5151573948109243,
  "epochs": 15,
  "seed": 43
}