{
  "model": "gru",
  "params_total": 5755428,
  "params_trainable": 5755428,
  "src_vocab_size": 6213,
  "trg_vocab_size": 2340,
  "best_dev_loss": 0.6187357438935174,
  "best_epoch": 13,
  "best_metric_value": 0.8556331877729257,
  "best_dev_slot_f1": 0.8556331877729257,
  "selection_metric": "slot_f1",
  "early_stopping_patience": 4,
  "min_epochs": 5,
  "test_exact_match": 0.20987654320987653,
  "test_slot_f1": 0.8358024691358025,
  "bleu1": 0.8412973408541499,
  "bleu2": 0.7779681951947937,
  "bleu3": 0.7203300672579894,
  "bleu4": 0.6787244015850096,
  "rouge1_f1": 0.8361415338085398,
  "rouge2_f1": 0.7051179994332292,
  "rougeL_f1": 0.8361415338085398,
  "train_time_sec": 152.4278398000024,
  "inference_ms_per_sample": 0.5025422272619865,
  "epochs": 15,
  "seed": 44
}