{
  "model": "gru",
  "params_total": 5755428,
  "params_trainable": 5755428,
  "src_vocab_size": 6213,
  "trg_vocab_size": 2340,
  "best_dev_loss": 0.7069890370799435,
  "best_epoch": 15,
  "best_metric_value": 0.8142358078602621,
  "best_dev_slot_f1": 0.8142358078602621,
  "selection_metric": "slot_f1",
  "early_stopping_patience": 4,
  "min_epochs": 5,
  "test_exact_match": 0.15772234819853867,
  "test_slot_f1": 0.8064211282335597,
  "bleu1": 0.816676749344626,
  "bleu2": 0.7465042004110969,
  "bleu3": 0.6835057330041959,
  "bleu4": 0.6380695459193566,
  "rouge1_f1": 0.8074491481186425,
  "rouge2_f1": 0.6609755559918903,
  "rougeL_f1": 0.8074491481186425,
  "train_time_sec": 160.8683721999987,
  "inference_ms_per_sample": 0.5187760644987465,
  "epochs": 15,
  "seed": 42
}