{
  "model": "transformer",
  "params_total": 6745636,
  "params_trainable": 6745636,
  "src_vocab_size": 6213,
  "trg_vocab_size": 2340,
  "best_dev_loss": 0.5243877364684724,
  "best_epoch": 14,
  "best_metric_value": 0.9273703978687164,
  "best_dev_slot_f1": 0.9273703978687164,
  "selection_metric": "slot_f1",
  "early_stopping_patience": 4,
  "min_epochs": 5,
  "test_exact_match": 0.6520534139581758,
  "test_slot_f1": 0.9206129186723455,
  "bleu1": 0.9206635339868752,
  "bleu2": 0.8910267002882513,
  "bleu3": 0.8668551627404361,
  "bleu4": 0.8468718443433793,
  "rouge1_f1": 0.9163547043395514,
  "rouge2_f1": 0.8524668499397866,
  "rougeL_f1": 0.9163547043395514,
  "train_time_sec": 452.5474641999972,
  "inference_ms_per_sample": 16.77190607205831,
  "epochs": 15,
  "seed": 43
}