{
  "model": "transformer",
  "params_total": 6745636,
  "params_trainable": 6745636,
  "src_vocab_size": 6213,
  "trg_vocab_size": 2340,
  "best_dev_loss": 0.5148238187862767,
  "best_epoch": 14,
  "best_metric_value": 0.9318479685452163,
  "best_dev_slot_f1": 0.9318479685452163,
  "selection_metric": "slot_f1",
  "early_stopping_patience": 4,
  "min_epochs": 5,
  "test_exact_match": 0.6434870244394054,
  "test_slot_f1": 0.925046302712646,
  "bleu1": 0.922021689867271,
  "bleu2": 0.8926290271591423,
  "bleu3": 0.8684830023853093,
  "bleu4": 0.8487500656377213,
  "rouge1_f1": 0.9200856019086846,
  "rouge2_f1": 0.8577580597795448,
  "rougeL_f1": 0.9200856019086846,
  "train_time_sec": 446.36608590000105,
  "inference_ms_per_sample": 16.792218140590567,
  "epochs": 15,
  "seed": 42
}