{
  "model": "transformer",
  "params_total": 6745636,
  "params_trainable": 6745636,
  "src_vocab_size": 6213,
  "trg_vocab_size": 2340,
  "best_dev_loss": 0.5071038003079593,
  "best_epoch": 10,
  "best_metric_value": 0.9250589571141584,
  "best_dev_slot_f1": 0.9250589571141584,
  "selection_metric": "slot_f1",
  "early_stopping_patience": 4,
  "min_epochs": 5,
  "test_exact_match": 0.6308893927941547,
  "test_slot_f1": 0.920892494929006,
  "bleu1": 0.919269572235674,
  "bleu2": 0.8876174254882161,
  "bleu3": 0.8606724283596788,
  "bleu4": 0.8388278941108847,
  "rouge1_f1": 0.9188835892728882,
  "rouge2_f1": 0.8517154110968418,
  "rougeL_f1": 0.9188510792557392,
  "train_time_sec": 418.3021965000007,
  "inference_ms_per_sample": 16.68678379944593,
  "epochs": 14,
  "seed": 44
}