{
  "model": "lstm",
  "params_total": 6543908,
  "params_trainable": 6543908,
  "src_vocab_size": 6213,
  "trg_vocab_size": 2340,
  "best_dev_loss": 0.5173430836552547,
  "best_epoch": 15,
  "best_metric_value": 0.8965065502183406,
  "best_dev_slot_f1": 0.8965065502183406,
  "selection_metric": "slot_f1",
  "early_stopping_patience": 4,
  "min_epochs": 5,
  "test_exact_match": 0.5709246661627614,
  "test_slot_f1": 0.8891436345771082,
  "bleu1": 0.8848532305344737,
  "bleu2": 0.8458929166954268,
  "bleu3": 0.8141108667512914,
  "bleu4": 0.7881012602809124,
  "rouge1_f1": 0.8812033576103196,
  "rouge2_f1": 0.7965768807765745,
  "rougeL_f1": 0.8810295971738334,
  "train_time_sec": 176.10930199999711,
  "inference_ms_per_sample": 0.6687404383973075,
  "epochs": 15,
  "seed": 43
}