{
  "model": "lstm",
  "params_total": 6543908,
  "params_trainable": 6543908,
  "src_vocab_size": 6213,
  "trg_vocab_size": 2340,
  "best_dev_loss": 0.6190563463088539,
  "best_epoch": 15,
  "best_metric_value": 0.846970425057883,
  "best_dev_slot_f1": 0.846970425057883,
  "selection_metric": "slot_f1",
  "early_stopping_patience": 4,
  "min_epochs": 5,
  "test_exact_match": 0.23381204333585287,
  "test_slot_f1": 0.8386779733629022,
  "bleu1": 0.8473223845019494,
  "bleu2": 0.787235440238876,
  "bleu3": 0.733455082055766,
  "bleu4": 0.6939184016950671,
  "rouge1_f1": 0.839144809463802,
  "rouge2_f1": 0.712957052684146,
  "rougeL_f1": 0.8391274334201534,
  "train_time_sec": 194.15828009999677,
  "inference_ms_per_sample": 0.5518986646505384,
  "epochs": 15,
  "seed": 44
}