{
  "model": "lstm",
  "params_total": 6543908,
  "params_trainable": 6543908,
  "src_vocab_size": 6213,
  "trg_vocab_size": 2340,
  "best_dev_loss": 0.6079368272589313,
  "best_epoch": 14,
  "best_metric_value": 0.8448034934497817,
  "best_dev_slot_f1": 0.8448034934497817,
  "selection_metric": "slot_f1",
  "early_stopping_patience": 4,
  "min_epochs": 5,
  "test_exact_match": 0.20080624842529604,
  "test_slot_f1": 0.8196502368712831,
  "bleu1": 0.8315610378562314,
  "bleu2": 0.7668721467100706,
  "bleu3": 0.7083823761596835,
  "bleu4": 0.6663355507459743,
  "rouge1_f1": 0.8211186142228724,
  "rouge2_f1": 0.6856528532605841,
  "rougeL_f1": 0.8211186142228724,
  "train_time_sec": 162.77366049999546,
  "inference_ms_per_sample": 0.5522082388503485,
  "epochs": 15,
  "seed": 42
}