{
  "model": "rnn",
  "params_total": 4178468,
  "params_trainable": 4178468,
  "src_vocab_size": 6213,
  "trg_vocab_size": 2340,
  "best_dev_loss": 1.2619110991557438,
  "best_epoch": 3,
  "best_metric_value": 0.5256768558951965,
  "best_dev_slot_f1": 0.5256768558951965,
  "selection_metric": "slot_f1",
  "early_stopping_patience": 4,
  "min_epochs": 5,
  "test_exact_match": 0.005039052658100277,
  "test_slot_f1": 0.5141849332325523,
  "bleu1": 0.41060144324348297,
  "bleu2": 0.28987085945268765,
  "bleu3": 0.18101414532979052,
  "bleu4": 0.09715199601861807,
  "rouge1_f1": 0.4759310973493664,
  "rouge2_f1": 0.24363521934086343,
  "rougeL_f1": 0.4758738353873425,
  "train_time_sec": 81.29697190000297,
  "inference_ms_per_sample": 0.5679660619792178,
  "epochs": 7,
  "seed": 44
}