{
  "model": "rnn",
  "params_total": 4178468,
  "params_trainable": 4178468,
  "src_vocab_size": 6213,
  "trg_vocab_size": 2340,
  "best_dev_loss": 1.3848591711786058,
  "best_epoch": 2,
  "best_metric_value": 0.5273362445414848,
  "best_dev_slot_f1": 0.5273362445414848,
  "selection_metric": "slot_f1",
  "early_stopping_patience": 4,
  "min_epochs": 5,
  "test_exact_match": 0.005039052658100277,
  "test_slot_f1": 0.5143613000755858,
  "bleu1": 0.4047134295405543,
  "bleu2": 0.2856156267678856,
  "bleu3": 0.1772771924262859,
  "bleu4": 0.09156871399885197,
  "rouge1_f1": 0.4772229482459739,
  "rouge2_f1": 0.24340045262278737,
  "rougeL_f1": 0.4772229482459739,
  "train_time_sec": 69.53825399999914,
  "inference_ms_per_sample": 0.5641521038053307,
  "epochs": 6,
  "seed": 43
}