{
  "model": "rnn",
  "params_total": 4178468,
  "params_trainable": 4178468,
  "src_vocab_size": 6213,
  "trg_vocab_size": 2340,
  "best_dev_loss": 1.216288493739234,
  "best_epoch": 6,
  "best_metric_value": 0.5332751091703056,
  "best_dev_slot_f1": 0.5332751091703056,
  "selection_metric": "slot_f1",
  "early_stopping_patience": 4,
  "min_epochs": 5,
  "test_exact_match": 0.005291005291005291,
  "test_slot_f1": 0.5175107079868985,
  "bleu1": 0.4211296126169016,
  "bleu2": 0.29512685997556315,
  "bleu3": 0.18549200782643205,
  "bleu4": 0.10409172042057364,
  "rouge1_f1": 0.4774226147980029,
  "rouge2_f1": 0.2416748081443844,
  "rougeL_f1": 0.47720648134985316,
  "train_time_sec": 114.6546709999966,
  "inference_ms_per_sample": 0.4547101284970382,
  "epochs": 10,
  "seed": 42
}